0,john_doe,john.doe@example.com
1,jane_smith,jane.smith@example.com
2,mike_jones,mike.jones@example.com
3,lisa_ray,lisa.ray@example.com
4,alex_kim,alex.kim@example.com
5,emma_watson,emma.watson@example.com
6,daniel_clark,daniel.clark@example.com
7,sarah_lee,sarah.lee@example.com
8,chris_brown,chris.brown@example.com
9,kelly_adams,kelly.adams@example.com
10,brian_davis,brian.davis@example.com
11,rachel_green,rachel.green@example.com
12,lucas_white,lucas.white@example.com
13,olivia_black,olivia.black@example.com
14,ethan_hall,ethan.hall@example.com
15,chloe_wilson,chloe.wilson@example.com
16,jackson_moore,jackson.moore@example.com
17,mia_taylor,mia.taylor@example.com
18,logan_scott,logan.scott@example.com
19,ava_martin,ava.martin@example.com